{
  "aucc_dice": 0.7660122451457109,
  "aucc_auc": 0.8417812041484477,
  "full_coverage_dice": 0.7282471656799316,
  "at_90_coverage": {
    "coverage": 0.9090909090909091,
    "dice": 0.831636369228363,
    "auc": 0.9468363261270047,
    "error_rate": 0.018662603577891953,
    "n_accepted": 6672756,
    "max_unc_accepted": 0.01638898253440857
  }
}