{
  "n_pixels": 3605760,
  "optimal": {
    "max_f1": {
      "threshold": 0.01058838176236833,
      "coverage": 0.8865828563187789,
      "precision": 0.26455721259117126,
      "recall": 0.5398964285850525,
      "f1": 0.3551068603992462,
      "dice_accepted": 0.8650512099266052,
      "n_deferred": 408955,
      "pct_deferred": 11.341714368122116
    },
    "precision_at_80recall": {
      "threshold": 0.0013692049823476734,
      "coverage": 0.6305025847532837,
      "precision": 0.12067455053329468,
      "recall": 0.8023044466972351,
      "f1": 0.20979401469230652,
      "dice_accepted": 0.915322482585907,
      "n_deferred": 1332319,
      "pct_deferred": 36.94974152467164
    },
    "max_coverage_at_dice_82": {
      "threshold": 0.04306032972868959,
      "coverage": 0.9555275448171814,
      "precision": 0.31508445739746094,
      "recall": 0.252133309841156,
      "f1": 0.28011566400527954,
      "dice_accepted": 0.8220863938331604,
      "n_deferred": 160357,
      "pct_deferred": 4.44724551828186
    },
    "high_precision": {
      "threshold": 0.07927074442856277,
      "coverage": 0.9801506478523252,
      "precision": 0.34467390179634094,
      "recall": 0.12310248613357544,
      "f1": 0.18141238391399384,
      "dice_accepted": 0.8038685917854309,
      "n_deferred": 71572,
      "pct_deferred": 1.984935214767483
    },
    "high_recall": {
      "threshold": 1.088821911253035e-05,
      "coverage": 0.010000110933617324,
      "precision": 0.05598674714565277,
      "recall": 0.9973152875900269,
      "f1": 0.1060217022895813,
      "dice_accepted": 0.9889181852340698,
      "n_deferred": 3569702,
      "pct_deferred": 98.99998890663827
    }
  },
  "operating_points": {
    "balanced_f1": {
      "threshold": 0.01058838176236833,
      "coverage": 0.8865828563187789,
      "precision": 0.26455721259117126,
      "recall": 0.5398964285850525,
      "f1": 0.3551068603992462,
      "dice_accepted": 0.8650512099266052,
      "n_deferred": 408955,
      "pct_deferred": 11.341714368122116
    },
    "high_precision": {
      "threshold": 0.07927074442856277,
      "coverage": 0.9801506478523252,
      "precision": 0.34467390179634094,
      "recall": 0.12310248613357544,
      "f1": 0.18141238391399384,
      "dice_accepted": 0.8038685917854309,
      "n_deferred": 71572,
      "pct_deferred": 1.984935214767483
    },
    "high_recall": {
      "threshold": 1.088821911253035e-05,
      "coverage": 0.010000110933617324,
      "precision": 0.05598674714565277,
      "recall": 0.9973152875900269,
      "f1": 0.1060217022895813,
      "dice_accepted": 0.9889181852340698,
      "n_deferred": 3569702,
      "pct_deferred": 98.99998890663827
    }
  }
}