{
  "n_pixels": 3605760,
  "optimal": {
    "max_f1": {
      "threshold": 0.02760638394266672,
      "coverage": 0.8865828563187789,
      "precision": 0.2946118712425232,
      "recall": 0.6069366931915283,
      "f1": 0.3966747224330902,
      "dice_accepted": 0.8598538041114807,
      "n_deferred": 408955,
      "pct_deferred": 11.341714368122116
    },
    "precision_at_80recall": {
      "threshold": 0.007751837722002412,
      "coverage": 0.7240703762868299,
      "precision": 0.15963438153266907,
      "recall": 0.8000906705856323,
      "f1": 0.26616370677948,
      "dice_accepted": 0.8864977955818176,
      "n_deferred": 994936,
      "pct_deferred": 27.592962371317004
    },
    "max_coverage_at_dice_82": {
      "threshold": 0.08212221006614835,
      "coverage": 0.9653767860312389,
      "precision": 0.3909069895744324,
      "recall": 0.24584151804447174,
      "f1": 0.30184969305992126,
      "dice_accepted": 0.8229560256004333,
      "n_deferred": 124843,
      "pct_deferred": 3.462321396876109
    },
    "high_precision": {
      "threshold": 0.12312358230352405,
      "coverage": 0.9899998890663827,
      "precision": 0.39869099855422974,
      "recall": 0.07241952419281006,
      "f1": 0.12257426977157593,
      "dice_accepted": 0.7978830933570862,
      "n_deferred": 36058,
      "pct_deferred": 1.0000110933617323
    },
    "high_recall": {
      "threshold": 0.00013724290067330003,
      "coverage": 0.010000110933617324,
      "precision": 0.055511076003313065,
      "recall": 0.9982267618179321,
      "f1": 0.10517348349094391,
      "dice_accepted": 0.9779393076896667,
      "n_deferred": 3569702,
      "pct_deferred": 98.99998890663827
    }
  },
  "operating_points": {
    "balanced_f1": {
      "threshold": 0.02760638394266672,
      "coverage": 0.8865828563187789,
      "precision": 0.2946118712425232,
      "recall": 0.6069366931915283,
      "f1": 0.3966747224330902,
      "dice_accepted": 0.8598538041114807,
      "n_deferred": 408955,
      "pct_deferred": 11.341714368122116
    },
    "high_precision": {
      "threshold": 0.12312358230352405,
      "coverage": 0.9899998890663827,
      "precision": 0.39869099855422974,
      "recall": 0.07241952419281006,
      "f1": 0.12257426977157593,
      "dice_accepted": 0.7978830933570862,
      "n_deferred": 36058,
      "pct_deferred": 1.0000110933617323
    },
    "high_recall": {
      "threshold": 0.00013724290067330003,
      "coverage": 0.010000110933617324,
      "precision": 0.055511076003313065,
      "recall": 0.9982267618179321,
      "f1": 0.10517348349094391,
      "dice_accepted": 0.9779393076896667,
      "n_deferred": 3569702,
      "pct_deferred": 98.99998890663827
    }
  }
}