{
  "n_pixels": 3605760,
  "optimal": {
    "max_f1": {
      "threshold": 0.029279366247168738,
      "coverage": 0.9013567181398651,
      "precision": 0.27456673979759216,
      "recall": 0.4954618513584137,
      "f1": 0.3533306419849396,
      "dice_accepted": 0.8599644899368286,
      "n_deferred": 355684,
      "pct_deferred": 9.86432818601349
    },
    "precision_at_80recall": {
      "threshold": 0.0034108317308315095,
      "coverage": 0.7043718938587149,
      "precision": 0.14840276539325714,
      "recall": 0.8025691509246826,
      "f1": 0.25048792362213135,
      "dice_accepted": 0.9052750468254089,
      "n_deferred": 1065964,
      "pct_deferred": 29.562810614128505
    },
    "max_coverage_at_dice_82": {
      "threshold": 0.07089743921542588,
      "coverage": 0.9506029242101527,
      "precision": 0.2856709659099579,
      "recall": 0.2581440508365631,
      "f1": 0.27121081948280334,
      "dice_accepted": 0.822631299495697,
      "n_deferred": 178114,
      "pct_deferred": 4.939707578984735
    },
    "high_precision": {
      "threshold": 0.14357742547988916,
      "coverage": 0.9899998890663827,
      "precision": 0.3419768214225769,
      "recall": 0.06255993247032166,
      "f1": 0.10577059537172318,
      "dice_accepted": 0.7953051328659058,
      "n_deferred": 36058,
      "pct_deferred": 1.0000110933617323
    },
    "high_recall": {
      "threshold": 3.7740780389867725e-05,
      "coverage": 0.010000110933617324,
      "precision": 0.0550149567425251,
      "recall": 0.996347188949585,
      "f1": 0.10427234321832657,
      "dice_accepted": 0.9842568039894104,
      "n_deferred": 3569702,
      "pct_deferred": 98.99998890663827
    }
  },
  "operating_points": {
    "balanced_f1": {
      "threshold": 0.029279366247168738,
      "coverage": 0.9013567181398651,
      "precision": 0.27456673979759216,
      "recall": 0.4954618513584137,
      "f1": 0.3533306419849396,
      "dice_accepted": 0.8599644899368286,
      "n_deferred": 355684,
      "pct_deferred": 9.86432818601349
    },
    "high_precision": {
      "threshold": 0.14357742547988916,
      "coverage": 0.9899998890663827,
      "precision": 0.3419768214225769,
      "recall": 0.06255993247032166,
      "f1": 0.10577059537172318,
      "dice_accepted": 0.7953051328659058,
      "n_deferred": 36058,
      "pct_deferred": 1.0000110933617323
    },
    "high_recall": {
      "threshold": 3.7740780389867725e-05,
      "coverage": 0.010000110933617324,
      "precision": 0.0550149567425251,
      "recall": 0.996347188949585,
      "f1": 0.10427234321832657,
      "dice_accepted": 0.9842568039894104,
      "n_deferred": 3569702,
      "pct_deferred": 98.99998890663827
    }
  }
}