{
  "bootstrap": {
    "deterministic": {
      "dice": {
        "mean": 0.7356839776039124,
        "ci_lo": 0.7289206390082836,
        "ci_hi": 0.7439447548240423,
        "ci_str": "0.7357 [0.7289, 0.7439]"
      },
      "auc": {
        "mean": 0.9439900363007501,
        "ci_lo": 0.9389839656597959,
        "ci_hi": 0.9482270116849696,
        "ci_str": "0.9440 [0.9390, 0.9482]"
      },
      "ece": {
        "mean": 0.24545956404105396,
        "ci_lo": 0.24041750640293194,
        "ci_hi": 0.25036423563394716,
        "ci_str": "0.2455 [0.2404, 0.2504]"
      },
      "unc_auroc": {
        "mean": 0.5,
        "ci_lo": 0.5,
        "ci_hi": 0.5,
        "ci_str": "0.5000 [0.5000, 0.5000]"
      }
    },
    "mc_dropout": {
      "dice": {
        "mean": 0.7910198450088501,
        "ci_lo": 0.7862819872796535,
        "ci_hi": 0.7962182293832302,
        "ci_str": "0.7910 [0.7863, 0.7962]"
      },
      "auc": {
        "mean": 0.9597423053261906,
        "ci_lo": 0.9539973319783128,
        "ci_hi": 0.9649720555175174,
        "ci_str": "0.9597 [0.9540, 0.9650]"
      },
      "ece": {
        "mean": 0.042728858536150535,
        "ci_lo": 0.040367444824581836,
        "ci_hi": 0.04520875780038466,
        "ci_str": "0.0427 [0.0404, 0.0452]"
      },
      "unc_auroc": {
        "mean": 0.8504343392193178,
        "ci_lo": 0.8229679590257333,
        "ci_hi": 0.8739812807711418,
        "ci_str": "0.8504 [0.8230, 0.8740]"
      }
    },
    "ensemble": {
      "dice": {
        "mean": 0.7608928084373474,
        "ci_lo": 0.7531648395955564,
        "ci_hi": 0.7685056913644075,
        "ci_str": "0.7609 [0.7532, 0.7685]"
      },
      "auc": {
        "mean": 0.9472067622548155,
        "ci_lo": 0.9410318152193036,
        "ci_hi": 0.9531059685495096,
        "ci_str": "0.9472 [0.9410, 0.9531]"
      },
      "ece": {
        "mean": 0.023983417729090524,
        "ci_lo": 0.020597251306567286,
        "ci_hi": 0.02756400478665912,
        "ci_str": "0.0240 [0.0206, 0.0276]"
      },
      "unc_auroc": {
        "mean": 0.8203410130291818,
        "ci_lo": 0.8066756927476173,
        "ci_hi": 0.8357575106878791,
        "ci_str": "0.8203 [0.8067, 0.8358]"
      }
    }
  },
  "comparisons": {
    "mc_vs_deterministic": {
      "dice": {
        "mean_a": 0.7910198450088501,
        "mean_b": 0.7356839776039124,
        "statistic": 0.0,
        "pval": 1.9073486328125e-06,
        "sig": "***",
        "winner": "MC Dropout"
      },
      "auc": {
        "mean_a": 0.9597423053261906,
        "mean_b": 0.9439900363007501,
        "statistic": 0.0,
        "pval": 1.9073486328125e-06,
        "sig": "***",
        "winner": "MC Dropout"
      },
      "ece": {
        "mean_a": 0.042728858536150535,
        "mean_b": 0.24545956404105396,
        "statistic": 0.0,
        "pval": 1.9073486328125e-06,
        "sig": "***",
        "winner": "Deterministic"
      },
      "unc_auroc": {
        "mean_a": 0.8504343392193178,
        "mean_b": 0.5,
        "statistic": 0.0,
        "pval": 1.9073486328125e-06,
        "sig": "***",
        "winner": "MC Dropout"
      }
    },
    "mc_vs_ensemble": {
      "dice": {
        "mean_a": 0.7910198450088501,
        "mean_b": 0.7608928084373474,
        "statistic": 3.0,
        "pval": 9.5367431640625e-06,
        "sig": "***",
        "winner": "MC Dropout"
      },
      "auc": {
        "mean_a": 0.9597423053261906,
        "mean_b": 0.9472067622548155,
        "statistic": 0.0,
        "pval": 1.9073486328125e-06,
        "sig": "***",
        "winner": "MC Dropout"
      },
      "ece": {
        "mean_a": 0.042728858536150535,
        "mean_b": 0.023983417729090524,
        "statistic": 1.0,
        "pval": 3.814697265625e-06,
        "sig": "***",
        "winner": "MC Dropout"
      },
      "unc_auroc": {
        "mean_a": 0.8504343392193178,
        "mean_b": 0.8203410130291818,
        "statistic": 32.0,
        "pval": 0.00485992431640625,
        "sig": "**",
        "winner": "MC Dropout"
      }
    }
  },
  "paths": {
    "deterministic": "results/drive/deterministic_fullft/per_image_metrics.json",
    "mc_dropout": "results/drive/mc_dropout_fullft/per_image_metrics.json",
    "ensemble": "results/drive/ensemble/per_image_metrics.json"
  }
}