{
  "n_pixels": 3605760,
  "optimal": {
    "max_f1": {
      "threshold": 0.029428089370005694,
      "coverage": 0.8521105120695776,
      "precision": 0.18619081377983093,
      "recall": 0.480794757604599,
      "f1": 0.26843029260635376,
      "dice_accepted": 0.8344496488571167,
      "n_deferred": 533254,
      "pct_deferred": 14.788948793042245
    },
    "precision_at_80recall": {
      "threshold": 0.016040444374084473,
      "coverage": 0.6354274826943557,
      "precision": 0.12594850361347198,
      "recall": 0.8017539381980896,
      "f1": 0.21769848465919495,
      "dice_accepted": 0.9057238101959229,
      "n_deferred": 1314561,
      "pct_deferred": 36.45725173056443
    },
    "max_coverage_at_dice_82": {
      "threshold": 0.032682060570123815,
      "coverage": 0.8816582357117501,
      "precision": 0.1952909678220749,
      "recall": 0.40353789925575256,
      "f1": 0.26320478320121765,
      "dice_accepted": 0.821931004524231,
      "n_deferred": 426712,
      "pct_deferred": 11.83417642882499
    },
    "high_precision": {
      "threshold": 0.06000233680009848,
      "coverage": 0.9899998890663827,
      "precision": 0.3200122117996216,
      "recall": 0.055877309292554855,
      "f1": 0.09514190256595612,
      "dice_accepted": 0.7795202136039734,
      "n_deferred": 36058,
      "pct_deferred": 1.0000110933617323
    },
    "high_recall": {
      "threshold": 0.0012101571867242456,
      "coverage": 0.010000110933617324,
      "precision": 0.05772358551621437,
      "recall": 0.9978209137916565,
      "f1": 0.10913381725549698,
      "dice_accepted": 0.9897236824035645,
      "n_deferred": 3569702,
      "pct_deferred": 98.99998890663827
    }
  },
  "operating_points": {
    "balanced_f1": {
      "threshold": 0.029428089370005694,
      "coverage": 0.8521105120695776,
      "precision": 0.18619081377983093,
      "recall": 0.480794757604599,
      "f1": 0.26843029260635376,
      "dice_accepted": 0.8344496488571167,
      "n_deferred": 533254,
      "pct_deferred": 14.788948793042245
    },
    "high_precision": {
      "threshold": 0.06000233680009848,
      "coverage": 0.9899998890663827,
      "precision": 0.3200122117996216,
      "recall": 0.055877309292554855,
      "f1": 0.09514190256595612,
      "dice_accepted": 0.7795202136039734,
      "n_deferred": 36058,
      "pct_deferred": 1.0000110933617323
    },
    "high_recall": {
      "threshold": 0.0012101571867242456,
      "coverage": 0.010000110933617324,
      "precision": 0.05772358551621437,
      "recall": 0.9978209137916565,
      "f1": 0.10913381725549698,
      "dice_accepted": 0.9897236824035645,
      "n_deferred": 3569702,
      "pct_deferred": 98.99998890663827
    }
  }
}