{
  "n_pixels": 3605760,
  "optimal": {
    "max_f1": {
      "threshold": 0.030187221668548318,
      "coverage": 0.8668843738906639,
      "precision": 0.1864357739686966,
      "recall": 0.4077293872833252,
      "f1": 0.25587278604507446,
      "dice_accepted": 0.8284896016120911,
      "n_deferred": 479983,
      "pct_deferred": 13.311562610933617
    },
    "precision_at_80recall": {
      "threshold": 0.012896806109116305,
      "coverage": 0.5172363107916222,
      "precision": 0.10126671195030212,
      "recall": 0.8031839728355408,
      "f1": 0.1798567920923233,
      "dice_accepted": 0.9057461023330688,
      "n_deferred": 1740730,
      "pct_deferred": 48.27636892083777
    },
    "max_coverage_at_dice_82": {
      "threshold": 0.03319800266162984,
      "coverage": 0.8915074769258076,
      "precision": 0.19841359555721283,
      "recall": 0.3536592125892639,
      "f1": 0.2542084753513336,
      "dice_accepted": 0.820430338382721,
      "n_deferred": 391198,
      "pct_deferred": 10.84925230741924
    },
    "high_precision": {
      "threshold": 0.06457469701766971,
      "coverage": 0.9899998890663827,
      "precision": 0.38798603415489197,
      "recall": 0.06374331563711166,
      "f1": 0.1094970554113388,
      "dice_accepted": 0.7787253856658936,
      "n_deferred": 36058,
      "pct_deferred": 1.0000110933617323
    },
    "high_recall": {
      "threshold": 0.001794944517314434,
      "coverage": 0.010000388267660632,
      "precision": 0.06097933650016785,
      "recall": 0.9918168187141418,
      "f1": 0.11489466577768326,
      "dice_accepted": 0.9736502170562744,
      "n_deferred": 3569701,
      "pct_deferred": 98.99996117323394
    }
  },
  "operating_points": {
    "balanced_f1": {
      "threshold": 0.030187221668548318,
      "coverage": 0.8668843738906639,
      "precision": 0.1864357739686966,
      "recall": 0.4077293872833252,
      "f1": 0.25587278604507446,
      "dice_accepted": 0.8284896016120911,
      "n_deferred": 479983,
      "pct_deferred": 13.311562610933617
    },
    "high_precision": {
      "threshold": 0.06457469701766971,
      "coverage": 0.9899998890663827,
      "precision": 0.38798603415489197,
      "recall": 0.06374331563711166,
      "f1": 0.1094970554113388,
      "dice_accepted": 0.7787253856658936,
      "n_deferred": 36058,
      "pct_deferred": 1.0000110933617323
    },
    "high_recall": {
      "threshold": 0.001794944517314434,
      "coverage": 0.010000388267660632,
      "precision": 0.06097933650016785,
      "recall": 0.9918168187141418,
      "f1": 0.11489466577768326,
      "dice_accepted": 0.9736502170562744,
      "n_deferred": 3569701,
      "pct_deferred": 98.99996117323394
    }
  }
}