{
  "dice": 0.7608927488327026,
  "auc": 0.9472067622548155,
  "iou": 0.6144118309020996,
  "ece": 0.023983417729090524,
  "sensitivity": 0.7317907094955445,
  "specificity": 0.9728563964366913,
  "unc_auroc": 0.8203410130291818,
  "global_ece": 0.020545358852486106,
  "global_unc_auroc": 0.8141714745668278,
  "avg_runtime_s_per_image": 2.0612304958005554,
  "method": "ensemble"
}