{
  "n_pixels": 7340032,
  "optimal": {
    "max_f1": {
      "threshold": 0.02441926036488696,
      "coverage": 0.9358290263584682,
      "precision": 0.34960734844207764,
      "recall": 0.5132768154144287,
      "f1": 0.4159198999404907,
      "dice_accepted": 0.8167462348937988,
      "n_deferred": 471017,
      "pct_deferred": 6.4170973641531805
    },
    "precision_at_80recall": {
      "threshold": 0.00587728336898039,
      "coverage": 0.6748240334647042,
      "precision": 0.10764738917350769,
      "recall": 0.8008559346199036,
      "f1": 0.18978478014469147,
      "dice_accepted": 0.8542129397392273,
      "n_deferred": 2386802,
      "pct_deferred": 32.51759665352957
    },
    "max_coverage_at_dice_82": {
      "threshold": 0.022441913144447677,
      "coverage": 0.9309045246669224,
      "precision": 0.3386918902397156,
      "recall": 0.535410463809967,
      "f1": 0.4149152338504791,
      "dice_accepted": 0.820345401763916,
      "n_deferred": 507163,
      "pct_deferred": 6.909547533307757
    },
    "high_precision": {
      "threshold": 0.08460663110017769,
      "coverage": 0.9899999073573521,
      "precision": 0.5108786225318909,
      "recall": 0.1168837621808052,
      "f1": 0.19024209678173065,
      "dice_accepted": 0.7474150657653809,
      "n_deferred": 73401,
      "pct_deferred": 1.000009264264788
    },
    "high_recall": {
      "threshold": 0.00021756700123660267,
      "coverage": 0.01000009264264788,
      "precision": 0.04394058138132095,
      "recall": 0.9952528476715088,
      "f1": 0.08416525274515152,
      "dice_accepted": 0.9170524477958679,
      "n_deferred": 7266631,
      "pct_deferred": 98.99999073573521
    }
  },
  "operating_points": {
    "balanced_f1": {
      "threshold": 0.02441926036488696,
      "coverage": 0.9358290263584682,
      "precision": 0.34960734844207764,
      "recall": 0.5132768154144287,
      "f1": 0.4159198999404907,
      "dice_accepted": 0.8167462348937988,
      "n_deferred": 471017,
      "pct_deferred": 6.4170973641531805
    },
    "high_precision": {
      "threshold": 0.08460663110017769,
      "coverage": 0.9899999073573521,
      "precision": 0.5108786225318909,
      "recall": 0.1168837621808052,
      "f1": 0.19024209678173065,
      "dice_accepted": 0.7474150657653809,
      "n_deferred": 73401,
      "pct_deferred": 1.000009264264788
    },
    "high_recall": {
      "threshold": 0.00021756700123660267,
      "coverage": 0.01000009264264788,
      "precision": 0.04394058138132095,
      "recall": 0.9952528476715088,
      "f1": 0.08416525274515152,
      "dice_accepted": 0.9170524477958679,
      "n_deferred": 7266631,
      "pct_deferred": 98.99999073573521
    }
  }
}