{
  "n_pixels": 3605760,
  "optimal": {
    "max_f1": {
      "threshold": 0.029958194002565344,
      "coverage": 0.9161305799609514,
      "precision": 0.3421810567378998,
      "recall": 0.5014051795005798,
      "f1": 0.4067666232585907,
      "dice_accepted": 0.8127968907356262,
      "n_deferred": 302413,
      "pct_deferred": 8.386942003904863
    },
    "precision_at_80recall": {
      "threshold": 0.0033719738213410927,
      "coverage": 0.5960302405040824,
      "precision": 0.1133742704987526,
      "recall": 0.8001889586448669,
      "f1": 0.19860877096652985,
      "dice_accepted": 0.7953245043754578,
      "n_deferred": 1456618,
      "pct_deferred": 40.39697594959176
    },
    "max_coverage_at_dice_82": {
      "threshold": 0.0011884544622480647,
      "coverage": 0.3104019679623713,
      "precision": 0.07537909597158432,
      "recall": 0.9081887602806091,
      "f1": 0.13920432329177856,
      "dice_accepted": 0.8201252818107605,
      "n_deferred": 2486525,
      "pct_deferred": 68.95980320376287
    },
    "high_precision": {
      "threshold": 0.12807076796889322,
      "coverage": 0.9899998890663827,
      "precision": 0.5460646748542786,
      "recall": 0.09540653228759766,
      "f1": 0.16243328154087067,
      "dice_accepted": 0.7817188501358032,
      "n_deferred": 36058,
      "pct_deferred": 1.0000110933617323
    },
    "high_recall": {
      "threshold": 0.0001723545510321856,
      "coverage": 0.010000110933617324,
      "precision": 0.05754682049155235,
      "recall": 0.9953725934028625,
      "f1": 0.10880325734615326,
      "dice_accepted": 0.9232500195503235,
      "n_deferred": 3569702,
      "pct_deferred": 98.99998890663827
    }
  },
  "operating_points": {
    "balanced_f1": {
      "threshold": 0.029958194002565344,
      "coverage": 0.9161305799609514,
      "precision": 0.3421810567378998,
      "recall": 0.5014051795005798,
      "f1": 0.4067666232585907,
      "dice_accepted": 0.8127968907356262,
      "n_deferred": 302413,
      "pct_deferred": 8.386942003904863
    },
    "high_precision": {
      "threshold": 0.12807076796889322,
      "coverage": 0.9899998890663827,
      "precision": 0.5460646748542786,
      "recall": 0.09540653228759766,
      "f1": 0.16243328154087067,
      "dice_accepted": 0.7817188501358032,
      "n_deferred": 36058,
      "pct_deferred": 1.0000110933617323
    },
    "high_recall": {
      "threshold": 0.0001723545510321856,
      "coverage": 0.010000110933617324,
      "precision": 0.05754682049155235,
      "recall": 0.9953725934028625,
      "f1": 0.10880325734615326,
      "dice_accepted": 0.9232500195503235,
      "n_deferred": 3569702,
      "pct_deferred": 98.99998890663827
    }
  }
}