{
  "aucc_dice": 0.7729770332574843,
  "aucc_auc": 0.830862762701481,
  "full_coverage_dice": 0.7318066954612732,
  "at_90_coverage": {
    "coverage": 0.9090909090909091,
    "dice": 0.8186958432197571,
    "auc": 0.9438451062958565,
    "error_rate": 0.023687155573328657,
    "n_accepted": 4766254,
    "max_unc_accepted": 0.02570144273340702
  }
}