{
  "dice": 0.7707565426826477,
  "auc": 0.9467460779125567,
  "iou": 0.6274130344390869,
  "ece": 0.03133891397189596,
  "sensitivity": 0.7379765450954437,
  "specificity": 0.974992823600769,
  "unc_auroc": 0.8328842989517995,
  "global_ece": 0.030786271694332797,
  "global_unc_auroc": 0.8267793869923866,
  "avg_runtime_s_per_image": 3.90144716869836,
  "method": "ensemble"
}