{
  "dice": 0.7920804023742676,
  "auc": 0.9595433708855383,
  "iou": 0.6559014320373535,
  "ece": 0.042404928709394996,
  "sensitivity": 0.8226522445678711,
  "specificity": 0.963501587510109,
  "unc_auroc": 0.8360196031609352,
  "global_ece": 0.041921550909676426,
  "threshold": 0.7,
  "uncertainty_mean": 0.01086756716869615,
  "uncertainty_std": 0.028019423679068834,
  "uncertainty_p95": 0.07006938681006426,
  "uncertainty_max": 0.3434094190597534,
  "global_unc_auroc": 0.827519293893853,
  "avg_runtime_s_per_image": 0.47383884369919543,
  "method": "mc_dropout"
}