{
  "n_pixels": 3605760,
  "optimal": {
    "max_f1": {
      "threshold": 0.025919457179817113,
      "coverage": 0.8964320975328364,
      "precision": 0.2572641968727112,
      "recall": 0.46406471729278564,
      "f1": 0.3310202658176422,
      "dice_accepted": 0.8163098096847534,
      "n_deferred": 373441,
      "pct_deferred": 10.356790246716365
    },
    "precision_at_80recall": {
      "threshold": 0.01331135630607605,
      "coverage": 0.7142216897408591,
      "precision": 0.1614065021276474,
      "recall": 0.8033860921859741,
      "f1": 0.26880747079849243,
      "dice_accepted": 0.8822808861732483,
      "n_deferred": 1030448,
      "pct_deferred": 28.57783102591409
    },
    "max_coverage_at_dice_82": {
      "threshold": 0.024267616267105444,
      "coverage": 0.8816582357117501,
      "precision": 0.244940385222435,
      "recall": 0.5048617124557495,
      "f1": 0.3298497498035431,
      "dice_accepted": 0.8214269280433655,
      "n_deferred": 426712,
      "pct_deferred": 11.83417642882499
    },
    "high_precision": {
      "threshold": 0.04644211446220553,
      "coverage": 0.9752260272452964,
      "precision": 0.335143119096756,
      "recall": 0.14461055397987366,
      "f1": 0.20204216241836548,
      "dice_accepted": 0.7851985692977905,
      "n_deferred": 89329,
      "pct_deferred": 2.477397275470359
    },
    "high_recall": {
      "threshold": 0.001431129933334887,
      "coverage": 0.010000110933617324,
      "precision": 0.057889424264431,
      "recall": 0.9981789588928223,
      "f1": 0.10943231731653214,
      "dice_accepted": 0.990481972694397,
      "n_deferred": 3569702,
      "pct_deferred": 98.99998890663827
    }
  },
  "operating_points": {
    "balanced_f1": {
      "threshold": 0.025919457179817113,
      "coverage": 0.8964320975328364,
      "precision": 0.2572641968727112,
      "recall": 0.46406471729278564,
      "f1": 0.3310202658176422,
      "dice_accepted": 0.8163098096847534,
      "n_deferred": 373441,
      "pct_deferred": 10.356790246716365
    },
    "high_precision": {
      "threshold": 0.04644211446220553,
      "coverage": 0.9752260272452964,
      "precision": 0.335143119096756,
      "recall": 0.14461055397987366,
      "f1": 0.20204216241836548,
      "dice_accepted": 0.7851985692977905,
      "n_deferred": 89329,
      "pct_deferred": 2.477397275470359
    },
    "high_recall": {
      "threshold": 0.001431129933334887,
      "coverage": 0.010000110933617324,
      "precision": 0.057889424264431,
      "recall": 0.9981789588928223,
      "f1": 0.10943231731653214,
      "dice_accepted": 0.990481972694397,
      "n_deferred": 3569702,
      "pct_deferred": 98.99998890663827
    }
  }
}