{
  "n_pixels": 3605760,
  "optimal": {
    "max_f1": {
      "threshold": 0.0342776916640338,
      "coverage": 0.8570351326766064,
      "precision": 0.1348291039466858,
      "recall": 0.34512484073638916,
      "f1": 0.19390557706356049,
      "dice_accepted": 0.8059422373771667,
      "n_deferred": 515497,
      "pct_deferred": 14.296486732339368
    },
    "precision_at_80recall": {
      "threshold": 0.015994353578168547,
      "coverage": 0.37934665646077387,
      "precision": 0.07225392013788223,
      "recall": 0.8029227256774902,
      "f1": 0.13257737457752228,
      "dice_accepted": 0.8770110607147217,
      "n_deferred": 2237927,
      "pct_deferred": 62.06533435392261
    },
    "max_coverage_at_dice_82": {
      "threshold": 0.028177575858019707,
      "coverage": 0.7536180999290025,
      "precision": 0.10786430537700653,
      "recall": 0.47582775354385376,
      "f1": 0.17586268484592438,
      "dice_accepted": 0.8200079798698425,
      "n_deferred": 888394,
      "pct_deferred": 24.63819000709975
    },
    "high_precision": {
      "threshold": 0.06894031949341298,
      "coverage": 0.9899998890663827,
      "precision": 0.22619113326072693,
      "recall": 0.04049893841147423,
      "f1": 0.0686977282166481,
      "dice_accepted": 0.777557373046875,
      "n_deferred": 36058,
      "pct_deferred": 1.0000110933617323
    },
    "high_recall": {
      "threshold": 0.0036703319754451515,
      "coverage": 0.010000110933617324,
      "precision": 0.056076668202877045,
      "recall": 0.9939867258071899,
      "f1": 0.10616399347782135,
      "dice_accepted": 0.9812723398208618,
      "n_deferred": 3569702,
      "pct_deferred": 98.99998890663827
    }
  },
  "operating_points": {
    "balanced_f1": {
      "threshold": 0.0342776916640338,
      "coverage": 0.8570351326766064,
      "precision": 0.1348291039466858,
      "recall": 0.34512484073638916,
      "f1": 0.19390557706356049,
      "dice_accepted": 0.8059422373771667,
      "n_deferred": 515497,
      "pct_deferred": 14.296486732339368
    },
    "high_precision": {
      "threshold": 0.06894031949341298,
      "coverage": 0.9899998890663827,
      "precision": 0.22619113326072693,
      "recall": 0.04049893841147423,
      "f1": 0.0686977282166481,
      "dice_accepted": 0.777557373046875,
      "n_deferred": 36058,
      "pct_deferred": 1.0000110933617323
    },
    "high_recall": {
      "threshold": 0.0036703319754451515,
      "coverage": 0.010000110933617324,
      "precision": 0.056076668202877045,
      "recall": 0.9939867258071899,
      "f1": 0.10616399347782135,
      "dice_accepted": 0.9812723398208618,
      "n_deferred": 3569702,
      "pct_deferred": 98.99998890663827
    }
  }
}