{
  "n_pixels": 3605760,
  "optimal": {
    "max_f1": {
      "threshold": 0.028978071997887513,
      "coverage": 0.8964320975328364,
      "precision": 0.2910178601741791,
      "recall": 0.5453724265098572,
      "f1": 0.3795192837715149,
      "dice_accepted": 0.8711636662483215,
      "n_deferred": 373441,
      "pct_deferred": 10.356790246716365
    },
    "precision_at_80recall": {
      "threshold": 0.006316255161248563,
      "coverage": 0.6994472732516862,
      "precision": 0.14749367535114288,
      "recall": 0.8021257519721985,
      "f1": 0.24917030334472656,
      "dice_accepted": 0.9006307721138,
      "n_deferred": 1083721,
      "pct_deferred": 30.05527267483138
    },
    "max_coverage_at_dice_82": {
      "threshold": 0.07242198460066146,
      "coverage": 0.9653767860312389,
      "precision": 0.38057398796081543,
      "recall": 0.23842668533325195,
      "f1": 0.2931790053844452,
      "dice_accepted": 0.8240541815757751,
      "n_deferred": 124843,
      "pct_deferred": 3.462321396876109
    },
    "high_precision": {
      "threshold": 0.09314397615403991,
      "coverage": 0.9801506478523252,
      "precision": 0.38568153977394104,
      "recall": 0.13852353394031525,
      "f1": 0.20383614301681519,
      "dice_accepted": 0.8088621497154236,
      "n_deferred": 71572,
      "pct_deferred": 1.984935214767483
    },
    "high_recall": {
      "threshold": 0.00015177425404544923,
      "coverage": 0.010000110933617324,
      "precision": 0.05567999929189682,
      "recall": 0.997430682182312,
      "f1": 0.10547217726707458,
      "dice_accepted": 0.9885422587394714,
      "n_deferred": 3569702,
      "pct_deferred": 98.99998890663827
    }
  },
  "operating_points": {
    "balanced_f1": {
      "threshold": 0.028978071997887513,
      "coverage": 0.8964320975328364,
      "precision": 0.2910178601741791,
      "recall": 0.5453724265098572,
      "f1": 0.3795192837715149,
      "dice_accepted": 0.8711636662483215,
      "n_deferred": 373441,
      "pct_deferred": 10.356790246716365
    },
    "high_precision": {
      "threshold": 0.09314397615403991,
      "coverage": 0.9801506478523252,
      "precision": 0.38568153977394104,
      "recall": 0.13852353394031525,
      "f1": 0.20383614301681519,
      "dice_accepted": 0.8088621497154236,
      "n_deferred": 71572,
      "pct_deferred": 1.984935214767483
    },
    "high_recall": {
      "threshold": 0.00015177425404544923,
      "coverage": 0.010000110933617324,
      "precision": 0.05567999929189682,
      "recall": 0.997430682182312,
      "f1": 0.10547217726707458,
      "dice_accepted": 0.9885422587394714,
      "n_deferred": 3569702,
      "pct_deferred": 98.99998890663827
    }
  }
}