{
  "n_pixels": 3605760,
  "optimal": {
    "max_f1": {
      "threshold": 0.02689397143583802,
      "coverage": 0.8471858914625489,
      "precision": 0.19563131034374237,
      "recall": 0.5118957161903381,
      "f1": 0.28307846188545227,
      "dice_accepted": 0.8415801525115967,
      "n_deferred": 551011,
      "pct_deferred": 15.28141085374512
    },
    "precision_at_80recall": {
      "threshold": 0.014330484786599724,
      "coverage": 0.6305025847532837,
      "precision": 0.12645019590854645,
      "recall": 0.8000379800796509,
      "f1": 0.21838369965553284,
      "dice_accepted": 0.8968825936317444,
      "n_deferred": 1332319,
      "pct_deferred": 36.94974152467164
    },
    "max_coverage_at_dice_82": {
      "threshold": 0.03425258898480454,
      "coverage": 0.9013567181398651,
      "precision": 0.21407204866409302,
      "recall": 0.36158230900764465,
      "f1": 0.26892754435539246,
      "dice_accepted": 0.8212813138961792,
      "n_deferred": 355684,
      "pct_deferred": 9.86432818601349
    },
    "high_precision": {
      "threshold": 0.06659031599760057,
      "coverage": 0.9899998890663827,
      "precision": 0.3536524474620819,
      "recall": 0.0605565570294857,
      "f1": 0.10340660810470581,
      "dice_accepted": 0.7824254035949707,
      "n_deferred": 36058,
      "pct_deferred": 1.0000110933617323
    },
    "high_recall": {
      "threshold": 0.0023532621562480927,
      "coverage": 0.010000388267660632,
      "precision": 0.058818090707063675,
      "recall": 0.9970700144767761,
      "f1": 0.11108328402042389,
      "dice_accepted": 0.9857420921325684,
      "n_deferred": 3569701,
      "pct_deferred": 98.99996117323394
    }
  },
  "operating_points": {
    "balanced_f1": {
      "threshold": 0.02689397143583802,
      "coverage": 0.8471858914625489,
      "precision": 0.19563131034374237,
      "recall": 0.5118957161903381,
      "f1": 0.28307846188545227,
      "dice_accepted": 0.8415801525115967,
      "n_deferred": 551011,
      "pct_deferred": 15.28141085374512
    },
    "high_precision": {
      "threshold": 0.06659031599760057,
      "coverage": 0.9899998890663827,
      "precision": 0.3536524474620819,
      "recall": 0.0605565570294857,
      "f1": 0.10340660810470581,
      "dice_accepted": 0.7824254035949707,
      "n_deferred": 36058,
      "pct_deferred": 1.0000110933617323
    },
    "high_recall": {
      "threshold": 0.0023532621562480927,
      "coverage": 0.010000388267660632,
      "precision": 0.058818090707063675,
      "recall": 0.9970700144767761,
      "f1": 0.11108328402042389,
      "dice_accepted": 0.9857420921325684,
      "n_deferred": 3569701,
      "pct_deferred": 98.99996117323394
    }
  }
}