{
  "n_pixels": 5242880,
  "optimal": {
    "max_f1": {
      "threshold": 0.02785588664063561,
      "coverage": 0.9161306381225586,
      "precision": 0.28811484575271606,
      "recall": 0.5164676308631897,
      "f1": 0.36988624930381775,
      "dice_accepted": 0.8138259649276733,
      "n_deferred": 439717,
      "pct_deferred": 8.38693618774414
    },
    "precision_at_80recall": {
      "threshold": 0.006518295185696616,
      "coverage": 0.7092964172363281,
      "precision": 0.12900853157043457,
      "recall": 0.8015727996826172,
      "f1": 0.22224758565425873,
      "dice_accepted": 0.8615603446960449,
      "n_deferred": 1524124,
      "pct_deferred": 29.070358276367188
    },
    "max_coverage_at_dice_82": {
      "threshold": 0.024987182763391114,
      "coverage": 0.9062812805175782,
      "precision": 0.2734982371330261,
      "recall": 0.5478416085243225,
      "f1": 0.3648519217967987,
      "dice_accepted": 0.8204560279846191,
      "n_deferred": 491356,
      "pct_deferred": 9.371871948242188
    },
    "high_precision": {
      "threshold": 0.08643638901412484,
      "coverage": 0.9899999618530273,
      "precision": 0.4652005434036255,
      "recall": 0.0994296744465828,
      "f1": 0.16384083032608032,
      "dice_accepted": 0.7455525398254395,
      "n_deferred": 52429,
      "pct_deferred": 1.0000038146972656
    },
    "high_recall": {
      "threshold": 0.00018316981033422052,
      "coverage": 0.010000038146972656,
      "precision": 0.047146961092948914,
      "recall": 0.9976151585578918,
      "f1": 0.0900387242436409,
      "dice_accepted": 0.9372788667678833,
      "n_deferred": 5190451,
      "pct_deferred": 98.99999618530273
    }
  },
  "operating_points": {
    "balanced_f1": {
      "threshold": 0.02785588664063561,
      "coverage": 0.9161306381225586,
      "precision": 0.28811484575271606,
      "recall": 0.5164676308631897,
      "f1": 0.36988624930381775,
      "dice_accepted": 0.8138259649276733,
      "n_deferred": 439717,
      "pct_deferred": 8.38693618774414
    },
    "high_precision": {
      "threshold": 0.08643638901412484,
      "coverage": 0.9899999618530273,
      "precision": 0.4652005434036255,
      "recall": 0.0994296744465828,
      "f1": 0.16384083032608032,
      "dice_accepted": 0.7455525398254395,
      "n_deferred": 52429,
      "pct_deferred": 1.0000038146972656
    },
    "high_recall": {
      "threshold": 0.00018316981033422052,
      "coverage": 0.010000038146972656,
      "precision": 0.047146961092948914,
      "recall": 0.9976151585578918,
      "f1": 0.0900387242436409,
      "dice_accepted": 0.9372788667678833,
      "n_deferred": 5190451,
      "pct_deferred": 98.99999618530273
    }
  }
}