{
  "mc_dropout": {
    "dice": 0.7631021738052368,
    "auc": 0.9651944095125499,
    "iou": 0.6171367168426514,
    "ece": 0.038772417237630516,
    "sensitivity": 0.8379207879304886,
    "specificity": 0.9485423594713212,
    "unc_auroc": 0.7220723665814452,
    "method": "mc_dropout",
    "deferral_mode": "global",
    "calibration": "none",
    "threshold": 0.5,
    "global_ece": 0.03500299953548791,
    "global_ece_raw": 0.03500299953548791,
    "uncertainty_mean": 0.012586560581815696,
    "uncertainty_std": 0.011847894478253598,
    "avg_runtime_s": 2.6457371561496985,
    "adaptive_deferral_T": 0.014485207752291882,
    "adt_error_before": 0.06584361586719752,
    "adt_error_after": 0.04841302083805203,
    "adt_error_reduction": 0.017430595029145485,
    "adt_pct_deferred": 33.3642828500043,
    "global_unc_auroc": 0.721834101644169,
    "aucc_dice": 0.7924966866319829,
    "aucc_auc": 0.8835127796122854
  },
  "mc_dropout_adaptive": {
    "dice": 0.7631021738052368,
    "auc": 0.9651944095125499,
    "iou": 0.6171367168426514,
    "ece": 0.038772417237630516,
    "sensitivity": 0.8379207879304886,
    "specificity": 0.9485423594713212,
    "unc_auroc": 0.7220723665814452,
    "method": "mc_dropout_adaptive",
    "deferral_mode": "adaptive",
    "calibration": "none",
    "threshold": 0.5,
    "global_ece": 0.03500299953548791,
    "global_ece_raw": 0.03500299953548791,
    "uncertainty_mean": 0.012586560581815696,
    "uncertainty_std": 0.011847894478253598,
    "avg_runtime_s": 2.6457371561496985,
    "adt_error_before": 0.06584361586719752,
    "adt_error_after": 0.03792260577902198,
    "adt_error_reduction": 0.02792101008817554,
    "adt_pct_deferred": 25.000110838456592,
    "global_unc_auroc": 0.721834101644169,
    "aucc_dice": 0.7924966866319829,
    "aucc_auc": 0.8835127796122854
  },
  "mc_dropout_conf_aware": {
    "dice": 0.7631021738052368,
    "auc": 0.9651944095125499,
    "iou": 0.6171367168426514,
    "ece": 0.038772417237630516,
    "sensitivity": 0.8379207879304886,
    "specificity": 0.9485423594713212,
    "unc_auroc": 0.7220723665814452,
    "method": "mc_dropout_conf_aware",
    "deferral_mode": "adaptive_confidence",
    "calibration": "none",
    "threshold": 0.5,
    "global_ece": 0.03500299953548791,
    "global_ece_raw": 0.03500299953548791,
    "uncertainty_mean": 0.012586560581815696,
    "uncertainty_std": 0.011847894478253598,
    "avg_runtime_s": 2.6457371561496985,
    "adaptive_deferral_T": 0.004862210000350361,
    "adt_error_before": 0.06584361586719752,
    "adt_error_after": 0.0336907853372395,
    "adt_error_reduction": 0.032152830529958015,
    "adt_pct_deferred": 10.858762890838412,
    "global_unc_auroc": 0.721834101644169,
    "aucc_dice": 0.7924966866319829,
    "aucc_auc": 0.8835127796122854
  },
  "mc_dropout_calibrated": {
    "dice": 0.7631021738052368,
    "auc": 0.9651944095125499,
    "iou": 0.6171367168426514,
    "ece": 0.038772417237630516,
    "sensitivity": 0.8379207879304886,
    "specificity": 0.9485423594713212,
    "unc_auroc": 0.7220723665814452,
    "method": "mc_dropout_calibrated",
    "deferral_mode": "global",
    "calibration": "temperature",
    "threshold": 0.5,
    "global_ece": 0.0430383050913412,
    "global_ece_raw": 0.03500299953548791,
    "uncertainty_mean": 0.012586560581815696,
    "uncertainty_std": 0.011847894478253598,
    "avg_runtime_s": 2.6457371561496985,
    "calibration_T": 1.202444314956665,
    "ece_improvement": -0.008035305555853287,
    "adaptive_deferral_T": 0.014485207752291882,
    "adt_error_before": 0.06584361586719752,
    "adt_error_after": 0.04841302083805203,
    "adt_error_reduction": 0.017430595029145485,
    "adt_pct_deferred": 33.3642828500043,
    "global_unc_auroc": 0.721834101644169,
    "aucc_dice": 0.7924966866319829,
    "aucc_auc": 0.883512779661218
  },
  "tta": {
    "dice": 0.7681319713592529,
    "auc": 0.9689837382094055,
    "iou": 0.6237295866012573,
    "ece": 0.03702895337830432,
    "sensitivity": 0.8376434981822968,
    "specificity": 0.950677689909935,
    "unc_auroc": 0.881041014825113,
    "method": "tta",
    "deferral_mode": "global",
    "calibration": "none",
    "threshold": 0.5,
    "global_ece": 0.034524409962879976,
    "global_ece_raw": 0.034524409962879976,
    "uncertainty_mean": 0.002883350144169392,
    "uncertainty_std": 0.01158055739792063,
    "avg_runtime_s": 0.8593655293494521,
    "adaptive_deferral_T": 0.0023388386714206723,
    "adt_error_before": 0.06401907317340375,
    "adt_error_after": 0.028719039354473352,
    "adt_error_reduction": 0.03530003381893039,
    "adt_pct_deferred": 13.161424959633568,
    "global_unc_auroc": 0.880819402413545,
    "aucc_dice": 0.8463159192692148,
    "aucc_auc": 0.8880278347228596
  },
  "tta_adaptive": {
    "dice": 0.7681319713592529,
    "auc": 0.9689837382094055,
    "iou": 0.6237295866012573,
    "ece": 0.03702895337830432,
    "sensitivity": 0.8376434981822968,
    "specificity": 0.950677689909935,
    "unc_auroc": 0.881041014825113,
    "method": "tta_adaptive",
    "deferral_mode": "adaptive",
    "calibration": "none",
    "threshold": 0.5,
    "global_ece": 0.034524409962879976,
    "global_ece_raw": 0.034524409962879976,
    "uncertainty_mean": 0.002883350144169392,
    "uncertainty_std": 0.01158055739792063,
    "avg_runtime_s": 0.8593655293494521,
    "adt_error_before": 0.06401907317340375,
    "adt_error_after": 0.01314735896885395,
    "adt_error_reduction": 0.05087171420454979,
    "adt_pct_deferred": 25.000110838456592,
    "global_unc_auroc": 0.880819402413545,
    "aucc_dice": 0.8463159192692148,
    "aucc_auc": 0.8880278347228596
  },
  "tta_conf_aware": {
    "dice": 0.7681319713592529,
    "auc": 0.9689837382094055,
    "iou": 0.6237295866012573,
    "ece": 0.03702895337830432,
    "sensitivity": 0.8376434981822968,
    "specificity": 0.950677689909935,
    "unc_auroc": 0.881041014825113,
    "method": "tta_conf_aware",
    "deferral_mode": "adaptive_confidence",
    "calibration": "none",
    "threshold": 0.5,
    "global_ece": 0.034524409962879976,
    "global_ece_raw": 0.034524409962879976,
    "uncertainty_mean": 0.002883350144169392,
    "uncertainty_std": 0.01158055739792063,
    "avg_runtime_s": 0.8593655293494521,
    "adaptive_deferral_T": 0.0005836824945352039,
    "adt_error_before": 0.06401907317340375,
    "adt_error_after": 0.028759604133665562,
    "adt_error_reduction": 0.03525946903973819,
    "adt_pct_deferred": 12.083638596211387,
    "global_unc_auroc": 0.880819402413545,
    "aucc_dice": 0.8463159192692148,
    "aucc_auc": 0.8880278347228596
  },
  "tta_calibrated": {
    "dice": 0.7681319713592529,
    "auc": 0.9689837382094055,
    "iou": 0.6237295866012573,
    "ece": 0.03702895337830432,
    "sensitivity": 0.8376434981822968,
    "specificity": 0.950677689909935,
    "unc_auroc": 0.881041014825113,
    "method": "tta_calibrated",
    "deferral_mode": "global",
    "calibration": "temperature",
    "threshold": 0.5,
    "global_ece": 0.03925495395474707,
    "global_ece_raw": 0.034524409962879976,
    "uncertainty_mean": 0.002883350144169392,
    "uncertainty_std": 0.01158055739792063,
    "avg_runtime_s": 0.8593655293494521,
    "calibration_T": 1.35435950756073,
    "ece_improvement": -0.004730543991867092,
    "adaptive_deferral_T": 0.0023388386714206723,
    "adt_error_before": 0.06401907317340375,
    "adt_error_after": 0.028719039354473352,
    "adt_error_reduction": 0.03530003381893039,
    "adt_pct_deferred": 13.161424959633568,
    "global_unc_auroc": 0.880819402413545,
    "aucc_dice": 0.8463159192692148,
    "aucc_auc": 0.8880278339558131
  }
}