{
  "dice": 0.7684333920478821,
  "auc": 0.9455744859029511,
  "iou": 0.624264657497406,
  "ece": 0.03192431870985501,
  "sensitivity": 0.7459878951311112,
  "specificity": 0.9722597688436508,
  "unc_auroc": 0.8028761185690536,
  "global_ece": 0.030292957592954972,
  "global_unc_auroc": 0.7971685815713888,
  "avg_runtime_s_per_image": 1.3658276230009505,
  "method": "ensemble"
}