{
  "n_pixels": 3605760,
  "optimal": {
    "max_f1": {
      "threshold": 0.024902830350039595,
      "coverage": 0.8915074769258076,
      "precision": 0.28009089827537537,
      "recall": 0.5509070158004761,
      "f1": 0.37137046456336975,
      "dice_accepted": 0.8583650588989258,
      "n_deferred": 391198,
      "pct_deferred": 10.84925230741924
    },
    "precision_at_80recall": {
      "threshold": 0.004841530502975061,
      "coverage": 0.6895980320376287,
      "precision": 0.1425527185201645,
      "recall": 0.8021941781044006,
      "f1": 0.24208591878414154,
      "dice_accepted": 0.9090126752853394,
      "n_deferred": 1119235,
      "pct_deferred": 31.04019679623713
    },
    "max_coverage_at_dice_82": {
      "threshold": 0.05588052220155846,
      "coverage": 0.9358290623890664,
      "precision": 0.2989605963230133,
      "recall": 0.3478018343448639,
      "f1": 0.321537047624588,
      "dice_accepted": 0.820961058139801,
      "n_deferred": 231385,
      "pct_deferred": 6.417093761093362
    },
    "high_precision": {
      "threshold": 0.12425749577581893,
      "coverage": 0.9899998890663827,
      "precision": 0.3737589418888092,
      "recall": 0.0677603930234909,
      "f1": 0.11472228169441223,
      "dice_accepted": 0.7960225939750671,
      "n_deferred": 36058,
      "pct_deferred": 1.0000110933617323
    },
    "high_recall": {
      "threshold": 0.00011742512928321958,
      "coverage": 0.010000110933617324,
      "precision": 0.055496230721473694,
      "recall": 0.9960430860519409,
      "f1": 0.10513470321893692,
      "dice_accepted": 0.9822895526885986,
      "n_deferred": 3569702,
      "pct_deferred": 98.99998890663827
    }
  },
  "operating_points": {
    "balanced_f1": {
      "threshold": 0.024902830350039595,
      "coverage": 0.8915074769258076,
      "precision": 0.28009089827537537,
      "recall": 0.5509070158004761,
      "f1": 0.37137046456336975,
      "dice_accepted": 0.8583650588989258,
      "n_deferred": 391198,
      "pct_deferred": 10.84925230741924
    },
    "high_precision": {
      "threshold": 0.12425749577581893,
      "coverage": 0.9899998890663827,
      "precision": 0.3737589418888092,
      "recall": 0.0677603930234909,
      "f1": 0.11472228169441223,
      "dice_accepted": 0.7960225939750671,
      "n_deferred": 36058,
      "pct_deferred": 1.0000110933617323
    },
    "high_recall": {
      "threshold": 0.00011742512928321958,
      "coverage": 0.010000110933617324,
      "precision": 0.055496230721473694,
      "recall": 0.9960430860519409,
      "f1": 0.10513470321893692,
      "dice_accepted": 0.9822895526885986,
      "n_deferred": 3569702,
      "pct_deferred": 98.99998890663827
    }
  }
}